AI_id,A_id,AI_path
1,1,/attractionimage/1_1.jpg
2,2,/attractionimage/2_1.jpg
3,3,/attractionimage/3_1.jpg
4,4,/attractionimage/4_1.jpg
5,5,/attractionimage/5_1.jpg
6,6,/attractionimage/6_1.jpg
7,7,/attractionimage/7_1.jpg
8,8,/attractionimage/8_1.jpg
9,9,/attractionimage/9_1.jpg
10,10,/attractionimage/10_1.jpg
11,11,/attractionimage/11_1.jpg
12,12,/attractionimage/12_1.jpg
13,13,/attractionimage/13_1.jpg
14,14,/attractionimage/14_1.jpg
15,15,/attractionimage/15_1.jpg
16,16,/attractionimage/16_1.jpg
17,17,/attractionimage/17_1.jpg
18,18,/attractionimage/18_1.jpg
19,19,/attractionimage/19_1.jpg
20,20,/attractionimage/20_1.jpg
21,21,/attractionimage/21_1.jpg
22,22,/attractionimage/22_1.jpg
23,23,/attractionimage/23_1.jpg
24,24,/attractionimage/24_1.jpg
25,25,/attractionimage/25_1.jpg
26,26,/attractionimage/26_1.jpg
27,27,/attractionimage/27_1.jpg
28,28,/attractionimage/28_1.jpg
29,29,/attractionimage/29_1.jpg
30,30,/attractionimage/30_1.jpg
31,31,/attractionimage/31_1.jpg
32,32,/attractionimage/32_1.jpg
33,33,/attractionimage/33_1.jpg
34,34,/attractionimage/34_1.jpg
35,35,/attractionimage/35_1.jpg
36,36,/attractionimage/36_1.jpg
37,37,/attractionimage/37_1.jpg
38,38,/attractionimage/38_1.jpg
39,39,/attractionimage/39_1.jpg
40,40,/attractionimage/40_1.jpg
41,41,/attractionimage/41_1.jpg
42,42,/attractionimage/42_1.jpg
43,43,/attractionimage/43_1.jpg
44,44,/attractionimage/44_1.jpg
45,45,/attractionimage/45_1.jpg
46,46,/attractionimage/46_1.jpg
47,47,/attractionimage/47_1.jpg
48,48,/attractionimage/48_1.jpg
49,49,/attractionimage/49_1.jpg
50,50,/attractionimage/50_1.jpg
51,51,/attractionimage/51_1.jpg
52,52,/attractionimage/52_1.jpg
53,53,/attractionimage/53_1.jpg
54,54,/attractionimage/54_1.jpg
55,55,/attractionimage/55_1.jpg
56,56,/attractionimage/56_1.jpg
57,57,/attractionimage/57_1.jpg
58,58,/attractionimage/58_1.jpg
59,59,/attractionimage/59_1.jpg
60,60,/attractionimage/60_1.jpg
61,61,/attractionimage/61_1.jpg
62,62,/attractionimage/62_1.jpg
63,63,/attractionimage/63_1.jpg
64,64,/attractionimage/64_1.jpg
65,65,/attractionimage/65_1.jpg
66,66,/attractionimage/66_1.jpg
67,67,/attractionimage/67_1.jpg
68,68,/attractionimage/68_1.jpg
69,69,/attractionimage/69_1.jpg
70,70,/attractionimage/70_1.jpg
71,71,/attractionimage/71_1.jpg
72,72,/attractionimage/72_1.jpg
73,73,/attractionimage/73_1.jpg
74,74,/attractionimage/74_1.jpg
75,75,/attractionimage/75_1.jpg
76,76,/attractionimage/76_1.jpg
77,77,/attractionimage/77_1.jpg
78,78,/attractionimage/78_1.jpg
79,79,/attractionimage/79_1.jpg
80,80,/attractionimage/80_1.jpg
81,81,/attractionimage/81_1.jpg
82,82,/attractionimage/82_1.jpg
83,83,/attractionimage/83_1.jpg
84,84,/attractionimage/84_1.jpg
85,85,/attractionimage/85_1.jpg
86,86,/attractionimage/86_1.jpg
87,87,/attractionimage/87_1.jpg
88,88,/attractionimage/88_1.jpg
89,89,/attractionimage/89_1.jpg
90,90,/attractionimage/90_1.jpg
91,91,/attractionimage/91_1.jpg
92,92,/attractionimage/92_1.jpg
93,93,/attractionimage/93_1.jpg
94,94,/attractionimage/94_1.jpg
95,95,/attractionimage/95_1.jpg
96,96,/attractionimage/96_1.jpg
97,97,/attractionimage/97_1.jpg
98,98,/attractionimage/98_1.jpg
99,99,/attractionimage/99_1.jpg
100,100,/attractionimage/100_1.jpg
101,101,/attractionimage/101_1.jpg
102,102,/attractionimage/102_1.jpg
103,103,/attractionimage/103_1.jpg
104,104,/attractionimage/104_1.jpg
105,105,/attractionimage/105_1.jpg
106,106,/attractionimage/106_1.jpg
107,107,/attractionimage/107_1.jpg
108,108,/attractionimage/108_1.jpg
109,109,/attractionimage/109_1.jpg
110,110,/attractionimage/110_1.jpg
111,111,/attractionimage/111_1.jpg
112,112,/attractionimage/112_1.jpg
113,113,/attractionimage/113_1.jpg
114,114,/attractionimage/114_1.jpg
115,115,/attractionimage/115_1.jpg
116,116,/attractionimage/116_1.jpg
117,117,/attractionimage/117_1.jpg
118,118,/attractionimage/118_1.jpg
119,119,/attractionimage/119_1.jpg
120,120,/attractionimage/120_1.jpg
121,121,/attractionimage/121_1.jpg
122,122,/attractionimage/122_1.jpg
123,123,/attractionimage/123_1.jpg
124,124,/attractionimage/124_1.jpg
125,125,/attractionimage/125_1.jpg
126,126,/attractionimage/126_1.jpg
127,127,/attractionimage/127_1.jpg
128,128,/attractionimage/128_1.jpg
129,129,/attractionimage/129_1.jpg
130,130,/attractionimage/130_1.jpg
131,131,/attractionimage/131_1.jpg
132,132,/attractionimage/132_1.jpg
133,133,/attractionimage/133_1.jpg
134,134,/attractionimage/134_1.jpg
135,135,/attractionimage/135_1.jpg
136,136,/attractionimage/136_1.jpg
137,137,/attractionimage/137_1.jpg
138,138,/attractionimage/138_1.jpg
139,139,/attractionimage/139_1.jpg
140,140,/attractionimage/140_1.jpg
141,141,/attractionimage/141_1.jpg
142,142,/attractionimage/142_1.jpg
143,143,/attractionimage/143_1.jpg
144,144,/attractionimage/144_1.jpg
145,145,/attractionimage/145_1.jpg
146,146,/attractionimage/146_1.jpg
147,147,/attractionimage/147_1.jpg
148,148,/attractionimage/148_1.jpg
149,149,/attractionimage/149_1.jpg
150,150,/attractionimage/150_1.jpg
151,151,/attractionimage/151_1.jpg
152,152,/attractionimage/152_1.jpg
153,153,/attractionimage/153_1.jpg
154,154,/attractionimage/154_1.jpg
155,155,/attractionimage/155_1.jpg
156,156,/attractionimage/156_1.jpg
157,157,/attractionimage/157_1.jpg
158,158,/attractionimage/158_1.jpg
159,159,/attractionimage/159_1.jpg
160,160,/attractionimage/160_1.jpg
161,161,/attractionimage/161_1.jpg
162,162,/attractionimage/162_1.jpg
163,163,/attractionimage/163_1.jpg
164,164,/attractionimage/164_1.jpg
165,165,/attractionimage/165_1.jpg
166,166,/attractionimage/166_1.jpg
167,167,/attractionimage/167_1.jpg
168,168,/attractionimage/168_1.jpg
169,169,/attractionimage/169_1.jpg
170,170,/attractionimage/170_1.jpg
171,171,/attractionimage/171_1.jpg
172,172,/attractionimage/172_1.jpg
173,173,/attractionimage/173_1.jpg
174,174,/attractionimage/174_1.jpg
175,175,/attractionimage/175_1.jpg
176,176,/attractionimage/176_1.jpg
177,177,/attractionimage/177_1.jpg
178,178,/attractionimage/178_1.jpg
179,179,/attractionimage/179_1.jpg
180,180,/attractionimage/180_1.jpg
181,181,/attractionimage/181_1.jpg
182,182,/attractionimage/182_1.jpg
183,183,/attractionimage/183_1.jpg
184,184,/attractionimage/184_1.jpg
185,185,/attractionimage/185_1.jpg
186,186,/attractionimage/186_1.jpg
187,187,/attractionimage/187_1.jpg
188,188,/attractionimage/188_1.jpg
